<?xml version="1.0" encoding="UTF-8"?>
<teamcity-plugin xmlns:xsi="http://www.w3.org/2001/XMLSchema-instance" xsi:noNamespaceSchemaLocation="urn:shemas-jetbrains-com:teamcity-plugin-v1-xml">
  <info>
    <name>SonarQubeScannerPlugin</name>
    <display-name>SonarQube Scanner for MSBuild Plugin</display-name>
    <version>0.5</version>
    <description>Run begin and end commands for MSBuild analysis projects.</description>
    <vendor>
      <name>Cignium Technologies</name>
      <url>http://cignium.com</url>
    </vendor>
  </info>
  <deployment use-separate-classloader="false"/>
</teamcity-plugin>