<?xml version="1.0" encoding="UTF-8"?>
<meta-runner name="SonarQube End Analysis">
  <description>SonarQube End Analysis</description>
  <settings>
    <parameters>
      <param name="sonar.user" value="%sonar.user%" spec="text description='SonarQube User' display='hidden' label='SonarQube User:' validationMode='not_empty'" />
      <param name="sonar.server" value="%sonar.server%" spec="text description='SonarQube Server URL' display='hidden' label='SonarQube Server URL:' validationMode='not_empty'" />
      <param name="sonar.password" value="%sonar.password%" spec="password description='SonarQube Password' display='hidden' label='SonarQube Password:' validationMode='not_empty'" />      
      <param name="sonar.solution.path" value="%teamcity.build.checkoutDir%" spec="text description='Solution Path (Working Directory)' display='normal' label='Solution Path:'"/>
      <param name="sonar.additional.args" value="" spec="text description='SonarQube Additional CommandLine Arguments (consider ONE space between args)' display='normal' label='Additional CommandLine Args:'"/>
    </parameters>
    <build-runners>
      <runner name="SonarQube End Analysis" type="simpleRunner">
        <parameters>
          <param name="command.executable" value="%teamcity.agent.tools.dir%\scanner-msbuild\bin\SonarQube.Scanner.MSBuild.exe" />
          <param name="command.parameters" value="end /d:sonar.login=&quot;%sonar.user%&quot; /d:sonar.password=&quot;%sonar.password%&quot; %sonar.additional.args%" />
          <param name="teamcity.build.workingDir" value="%sonar.solution.path%" />
          <param name="teamcity.step.mode" value="default" />
        </parameters>
      </runner>
    </build-runners>
    <requirements />
  </settings>
</meta-runner>